{
  "hash": "b0cbf94a",
  "configHash": "4bb7d349",
  "lockfileHash": "bae26656",
  "browserHash": "2ea030b0",
  "optimized": {
    "@angular/common": {
      "src": "../../../../../../node_modules/@angular/common/fesm2022/common.mjs",
      "file": "@angular_common.js",
      "fileHash": "2143e0ea",
      "needsInterop": false
    },
    "@angular/common/http": {
      "src": "../../../../../../node_modules/@angular/common/fesm2022/http.mjs",
      "file": "@angular_common_http.js",
      "fileHash": "33b80b3e",
      "needsInterop": false
    },
    "@angular/core": {
      "src": "../../../../../../node_modules/@angular/core/fesm2022/core.mjs",
      "file": "@angular_core.js",
      "fileHash": "5a21a970",
      "needsInterop": false
    },
    "@angular/forms": {
      "src": "../../../../../../node_modules/@angular/forms/fesm2022/forms.mjs",
      "file": "@angular_forms.js",
      "fileHash": "8468eac4",
      "needsInterop": false
    },
    "@angular/platform-browser": {
      "src": "../../../../../../node_modules/@angular/platform-browser/fesm2022/platform-browser.mjs",
      "file": "@angular_platform-browser.js",
      "fileHash": "384476f7",
      "needsInterop": false
    },
    "@angular/platform-browser/animations": {
      "src": "../../../../../../node_modules/@angular/platform-browser/fesm2022/animations.mjs",
      "file": "@angular_platform-browser_animations.js",
      "fileHash": "d6337846",
      "needsInterop": false
    },
    "@angular/platform-server": {
      "src": "../../../../../../node_modules/@angular/platform-server/fesm2022/platform-server.mjs",
      "file": "@angular_platform-server.js",
      "fileHash": "c10ced4c",
      "needsInterop": false
    },
    "@angular/router": {
      "src": "../../../../../../node_modules/@angular/router/fesm2022/router.mjs",
      "file": "@angular_router.js",
      "fileHash": "1d4d0ecd",
      "needsInterop": false
    },
    "@angular/ssr": {
      "src": "../../../../../../node_modules/@angular/ssr/fesm2022/ssr.mjs",
      "file": "@angular_ssr.js",
      "fileHash": "bf215165",
      "needsInterop": false
    },
    "@angular/ssr/node": {
      "src": "../../../../../../node_modules/@angular/ssr/fesm2022/node.mjs",
      "file": "@angular_ssr_node.js",
      "fileHash": "a3d0ca21",
      "needsInterop": false
    },
    "express": {
      "src": "../../../../../../node_modules/express/index.js",
      "file": "express.js",
      "fileHash": "10530898",
      "needsInterop": true
    },
    "ngx-toastr": {
      "src": "../../../../../../node_modules/ngx-toastr/fesm2022/ngx-toastr.mjs",
      "file": "ngx-toastr.js",
      "fileHash": "47f8772a",
      "needsInterop": false
    },
    "primeng/api": {
      "src": "../../../../../../node_modules/primeng/fesm2022/primeng-api.mjs",
      "file": "primeng_api.js",
      "fileHash": "92331497",
      "needsInterop": false
    },
    "primeng/button": {
      "src": "../../../../../../node_modules/primeng/fesm2022/primeng-button.mjs",
      "file": "primeng_button.js",
      "fileHash": "3dbef5cc",
      "needsInterop": false
    },
    "primeng/dropdown": {
      "src": "../../../../../../node_modules/primeng/fesm2022/primeng-dropdown.mjs",
      "file": "primeng_dropdown.js",
      "fileHash": "6f664946",
      "needsInterop": false
    },
    "primeng/inputtext": {
      "src": "../../../../../../node_modules/primeng/fesm2022/primeng-inputtext.mjs",
      "file": "primeng_inputtext.js",
      "fileHash": "76b4cc48",
      "needsInterop": false
    },
    "primeng/overlay": {
      "src": "../../../../../../node_modules/primeng/fesm2022/primeng-overlay.mjs",
      "file": "primeng_overlay.js",
      "fileHash": "ea9e756e",
      "needsInterop": false
    },
    "primeng/ripple": {
      "src": "../../../../../../node_modules/primeng/fesm2022/primeng-ripple.mjs",
      "file": "primeng_ripple.js",
      "fileHash": "2563c2b4",
      "needsInterop": false
    },
    "primeng/scroller": {
      "src": "../../../../../../node_modules/primeng/fesm2022/primeng-scroller.mjs",
      "file": "primeng_scroller.js",
      "fileHash": "8869b5d8",
      "needsInterop": false
    },
    "primeng/slider": {
      "src": "../../../../../../node_modules/primeng/fesm2022/primeng-slider.mjs",
      "file": "primeng_slider.js",
      "fileHash": "7ccfaa84",
      "needsInterop": false
    },
    "primeng/table": {
      "src": "../../../../../../node_modules/primeng/fesm2022/primeng-table.mjs",
      "file": "primeng_table.js",
      "fileHash": "315a7a61",
      "needsInterop": false
    },
    "primeng/tooltip": {
      "src": "../../../../../../node_modules/primeng/fesm2022/primeng-tooltip.mjs",
      "file": "primeng_tooltip.js",
      "fileHash": "7703cf59",
      "needsInterop": false
    }
  },
  "chunks": {
    "xhr2-TXIMV6CV": {
      "file": "xhr2-TXIMV6CV.js"
    },
    "chunk-T7BJVT3J": {
      "file": "chunk-T7BJVT3J.js"
    },
    "chunk-GL3VNXKK": {
      "file": "chunk-GL3VNXKK.js"
    },
    "chunk-OJDLA6EG": {
      "file": "chunk-OJDLA6EG.js"
    },
    "chunk-OBNHH3WA": {
      "file": "chunk-OBNHH3WA.js"
    },
    "chunk-EUV5TA63": {
      "file": "chunk-EUV5TA63.js"
    },
    "chunk-6TQ3IX2H": {
      "file": "chunk-6TQ3IX2H.js"
    },
    "chunk-S7YOITXL": {
      "file": "chunk-S7YOITXL.js"
    },
    "chunk-B7WOCAYS": {
      "file": "chunk-B7WOCAYS.js"
    },
    "chunk-Q552H3IP": {
      "file": "chunk-Q552H3IP.js"
    },
    "chunk-5BPWBFMW": {
      "file": "chunk-5BPWBFMW.js"
    },
    "chunk-NAHN4Y63": {
      "file": "chunk-NAHN4Y63.js"
    },
    "chunk-N6625Q5J": {
      "file": "chunk-N6625Q5J.js"
    },
    "chunk-TYG62UCK": {
      "file": "chunk-TYG62UCK.js"
    },
    "chunk-EVWMLKSD": {
      "file": "chunk-EVWMLKSD.js"
    },
    "chunk-PK7UYH7W": {
      "file": "chunk-PK7UYH7W.js"
    },
    "chunk-KZ3VZZRX": {
      "file": "chunk-KZ3VZZRX.js"
    },
    "chunk-DC3LY57L": {
      "file": "chunk-DC3LY57L.js"
    },
    "chunk-WW3CCRBM": {
      "file": "chunk-WW3CCRBM.js"
    },
    "chunk-HPBZSGUC": {
      "file": "chunk-HPBZSGUC.js"
    },
    "chunk-TK5ZV3OG": {
      "file": "chunk-TK5ZV3OG.js"
    },
    "chunk-XNYIGXTF": {
      "file": "chunk-XNYIGXTF.js"
    },
    "chunk-TB3USO2Y": {
      "file": "chunk-TB3USO2Y.js"
    },
    "chunk-53KWUNRH": {
      "file": "chunk-53KWUNRH.js"
    },
    "chunk-DFIAP3GC": {
      "file": "chunk-DFIAP3GC.js"
    },
    "chunk-PXXRCHXC": {
      "file": "chunk-PXXRCHXC.js"
    },
    "chunk-YHCV7DAQ": {
      "file": "chunk-YHCV7DAQ.js"
    }
  }
}