{
  "hash": "56934e1d",
  "configHash": "e39194c4",
  "lockfileHash": "bae26656",
  "browserHash": "8463cd30",
  "optimized": {
    "@angular/common": {
      "src": "../../../../../../node_modules/@angular/common/fesm2022/common.mjs",
      "file": "@angular_common.js",
      "fileHash": "390ec8ad",
      "needsInterop": false
    },
    "@angular/common/http": {
      "src": "../../../../../../node_modules/@angular/common/fesm2022/http.mjs",
      "file": "@angular_common_http.js",
      "fileHash": "03e6b0a1",
      "needsInterop": false
    },
    "@angular/core": {
      "src": "../../../../../../node_modules/@angular/core/fesm2022/core.mjs",
      "file": "@angular_core.js",
      "fileHash": "7b5d916f",
      "needsInterop": false
    },
    "@angular/forms": {
      "src": "../../../../../../node_modules/@angular/forms/fesm2022/forms.mjs",
      "file": "@angular_forms.js",
      "fileHash": "ab53fe44",
      "needsInterop": false
    },
    "@angular/platform-browser": {
      "src": "../../../../../../node_modules/@angular/platform-browser/fesm2022/platform-browser.mjs",
      "file": "@angular_platform-browser.js",
      "fileHash": "b67d4036",
      "needsInterop": false
    },
    "@angular/platform-browser/animations": {
      "src": "../../../../../../node_modules/@angular/platform-browser/fesm2022/animations.mjs",
      "file": "@angular_platform-browser_animations.js",
      "fileHash": "ce50a21c",
      "needsInterop": false
    },
    "@angular/platform-server": {
      "src": "../../../../../../node_modules/@angular/platform-server/fesm2022/platform-server.mjs",
      "file": "@angular_platform-server.js",
      "fileHash": "38696de9",
      "needsInterop": false
    },
    "@angular/router": {
      "src": "../../../../../../node_modules/@angular/router/fesm2022/router.mjs",
      "file": "@angular_router.js",
      "fileHash": "4f5b6c0a",
      "needsInterop": false
    },
    "@angular/ssr": {
      "src": "../../../../../../node_modules/@angular/ssr/fesm2022/ssr.mjs",
      "file": "@angular_ssr.js",
      "fileHash": "b67d2b54",
      "needsInterop": false
    },
    "@angular/ssr/node": {
      "src": "../../../../../../node_modules/@angular/ssr/fesm2022/node.mjs",
      "file": "@angular_ssr_node.js",
      "fileHash": "10d30127",
      "needsInterop": false
    },
    "express": {
      "src": "../../../../../../node_modules/express/index.js",
      "file": "express.js",
      "fileHash": "5ac4faa0",
      "needsInterop": true
    },
    "ngx-toastr": {
      "src": "../../../../../../node_modules/ngx-toastr/fesm2022/ngx-toastr.mjs",
      "file": "ngx-toastr.js",
      "fileHash": "66a67571",
      "needsInterop": false
    },
    "primeng/api": {
      "src": "../../../../../../node_modules/primeng/fesm2022/primeng-api.mjs",
      "file": "primeng_api.js",
      "fileHash": "b2bf6b7a",
      "needsInterop": false
    },
    "primeng/button": {
      "src": "../../../../../../node_modules/primeng/fesm2022/primeng-button.mjs",
      "file": "primeng_button.js",
      "fileHash": "f43f1afc",
      "needsInterop": false
    },
    "primeng/dropdown": {
      "src": "../../../../../../node_modules/primeng/fesm2022/primeng-dropdown.mjs",
      "file": "primeng_dropdown.js",
      "fileHash": "36a701b5",
      "needsInterop": false
    },
    "primeng/inputtext": {
      "src": "../../../../../../node_modules/primeng/fesm2022/primeng-inputtext.mjs",
      "file": "primeng_inputtext.js",
      "fileHash": "6dc47e13",
      "needsInterop": false
    },
    "primeng/overlay": {
      "src": "../../../../../../node_modules/primeng/fesm2022/primeng-overlay.mjs",
      "file": "primeng_overlay.js",
      "fileHash": "2d54ca7e",
      "needsInterop": false
    },
    "primeng/ripple": {
      "src": "../../../../../../node_modules/primeng/fesm2022/primeng-ripple.mjs",
      "file": "primeng_ripple.js",
      "fileHash": "64619f8c",
      "needsInterop": false
    },
    "primeng/scroller": {
      "src": "../../../../../../node_modules/primeng/fesm2022/primeng-scroller.mjs",
      "file": "primeng_scroller.js",
      "fileHash": "9f14534a",
      "needsInterop": false
    },
    "primeng/slider": {
      "src": "../../../../../../node_modules/primeng/fesm2022/primeng-slider.mjs",
      "file": "primeng_slider.js",
      "fileHash": "2182d603",
      "needsInterop": false
    },
    "primeng/table": {
      "src": "../../../../../../node_modules/primeng/fesm2022/primeng-table.mjs",
      "file": "primeng_table.js",
      "fileHash": "09b31eec",
      "needsInterop": false
    },
    "primeng/tooltip": {
      "src": "../../../../../../node_modules/primeng/fesm2022/primeng-tooltip.mjs",
      "file": "primeng_tooltip.js",
      "fileHash": "4b6fbc92",
      "needsInterop": false
    },
    "rxjs": {
      "src": "../../../../../../node_modules/rxjs/dist/cjs/index.js",
      "file": "rxjs.js",
      "fileHash": "03f5c96b",
      "needsInterop": true
    },
    "tslib": {
      "src": "../../../../../../node_modules/tslib/tslib.es6.mjs",
      "file": "tslib.js",
      "fileHash": "55acb384",
      "needsInterop": false
    }
  },
  "chunks": {
    "xhr2-TXIMV6CV": {
      "file": "xhr2-TXIMV6CV.js"
    },
    "chunk-USMZJTJB": {
      "file": "chunk-USMZJTJB.js"
    },
    "chunk-A3MMHIRM": {
      "file": "chunk-A3MMHIRM.js"
    },
    "chunk-SB6GOO4W": {
      "file": "chunk-SB6GOO4W.js"
    },
    "chunk-LJGE7IBH": {
      "file": "chunk-LJGE7IBH.js"
    },
    "chunk-AKGRJRI2": {
      "file": "chunk-AKGRJRI2.js"
    },
    "chunk-5BPWBFMW": {
      "file": "chunk-5BPWBFMW.js"
    },
    "chunk-5JAIRWT5": {
      "file": "chunk-5JAIRWT5.js"
    },
    "chunk-4HF6KTD6": {
      "file": "chunk-4HF6KTD6.js"
    },
    "chunk-KXM744CR": {
      "file": "chunk-KXM744CR.js"
    },
    "chunk-V56DVLNB": {
      "file": "chunk-V56DVLNB.js"
    },
    "chunk-N6625Q5J": {
      "file": "chunk-N6625Q5J.js"
    },
    "chunk-L3RMNTI5": {
      "file": "chunk-L3RMNTI5.js"
    },
    "chunk-YVQTFTW2": {
      "file": "chunk-YVQTFTW2.js"
    },
    "chunk-WLQQKTBQ": {
      "file": "chunk-WLQQKTBQ.js"
    },
    "chunk-SK46MMYQ": {
      "file": "chunk-SK46MMYQ.js"
    },
    "chunk-XBHMW4T5": {
      "file": "chunk-XBHMW4T5.js"
    },
    "chunk-EGTXUB73": {
      "file": "chunk-EGTXUB73.js"
    },
    "chunk-QBFAJ3NU": {
      "file": "chunk-QBFAJ3NU.js"
    },
    "chunk-IGWL5OJ4": {
      "file": "chunk-IGWL5OJ4.js"
    },
    "chunk-EA4LEH3O": {
      "file": "chunk-EA4LEH3O.js"
    },
    "chunk-KZ3VZZRX": {
      "file": "chunk-KZ3VZZRX.js"
    },
    "chunk-OUEIUNIC": {
      "file": "chunk-OUEIUNIC.js"
    },
    "chunk-SNS7UOYO": {
      "file": "chunk-SNS7UOYO.js"
    },
    "chunk-GV22NJRN": {
      "file": "chunk-GV22NJRN.js"
    },
    "chunk-SWIVHK54": {
      "file": "chunk-SWIVHK54.js"
    },
    "chunk-AQYIT73X": {
      "file": "chunk-AQYIT73X.js"
    },
    "chunk-YHCV7DAQ": {
      "file": "chunk-YHCV7DAQ.js"
    }
  }
}