{
  "hash": "6ef7db92",
  "configHash": "da5b0810",
  "lockfileHash": "bae26656",
  "browserHash": "85798ff5",
  "optimized": {
    "@angular/common": {
      "src": "../../../../../../node_modules/@angular/common/fesm2022/common.mjs",
      "file": "@angular_common.js",
      "fileHash": "056e3d93",
      "needsInterop": false
    },
    "@angular/common/http": {
      "src": "../../../../../../node_modules/@angular/common/fesm2022/http.mjs",
      "file": "@angular_common_http.js",
      "fileHash": "ae7171c3",
      "needsInterop": false
    },
    "@angular/core": {
      "src": "../../../../../../node_modules/@angular/core/fesm2022/core.mjs",
      "file": "@angular_core.js",
      "fileHash": "432d1154",
      "needsInterop": false
    },
    "@angular/forms": {
      "src": "../../../../../../node_modules/@angular/forms/fesm2022/forms.mjs",
      "file": "@angular_forms.js",
      "fileHash": "325d2e74",
      "needsInterop": false
    },
    "@angular/platform-browser": {
      "src": "../../../../../../node_modules/@angular/platform-browser/fesm2022/platform-browser.mjs",
      "file": "@angular_platform-browser.js",
      "fileHash": "0f789bdd",
      "needsInterop": false
    },
    "@angular/platform-browser/animations": {
      "src": "../../../../../../node_modules/@angular/platform-browser/fesm2022/animations.mjs",
      "file": "@angular_platform-browser_animations.js",
      "fileHash": "16e55c3e",
      "needsInterop": false
    },
    "@angular/router": {
      "src": "../../../../../../node_modules/@angular/router/fesm2022/router.mjs",
      "file": "@angular_router.js",
      "fileHash": "9590838d",
      "needsInterop": false
    },
    "ngx-toastr": {
      "src": "../../../../../../node_modules/ngx-toastr/fesm2022/ngx-toastr.mjs",
      "file": "ngx-toastr.js",
      "fileHash": "399f82f2",
      "needsInterop": false
    },
    "primeng/api": {
      "src": "../../../../../../node_modules/primeng/fesm2022/primeng-api.mjs",
      "file": "primeng_api.js",
      "fileHash": "a3886e94",
      "needsInterop": false
    },
    "primeng/button": {
      "src": "../../../../../../node_modules/primeng/fesm2022/primeng-button.mjs",
      "file": "primeng_button.js",
      "fileHash": "e695d3d6",
      "needsInterop": false
    },
    "primeng/dropdown": {
      "src": "../../../../../../node_modules/primeng/fesm2022/primeng-dropdown.mjs",
      "file": "primeng_dropdown.js",
      "fileHash": "1a132c96",
      "needsInterop": false
    },
    "primeng/inputtext": {
      "src": "../../../../../../node_modules/primeng/fesm2022/primeng-inputtext.mjs",
      "file": "primeng_inputtext.js",
      "fileHash": "e4da95cb",
      "needsInterop": false
    },
    "primeng/overlay": {
      "src": "../../../../../../node_modules/primeng/fesm2022/primeng-overlay.mjs",
      "file": "primeng_overlay.js",
      "fileHash": "dc0cb173",
      "needsInterop": false
    },
    "primeng/ripple": {
      "src": "../../../../../../node_modules/primeng/fesm2022/primeng-ripple.mjs",
      "file": "primeng_ripple.js",
      "fileHash": "44c956b3",
      "needsInterop": false
    },
    "primeng/scroller": {
      "src": "../../../../../../node_modules/primeng/fesm2022/primeng-scroller.mjs",
      "file": "primeng_scroller.js",
      "fileHash": "cbc532ad",
      "needsInterop": false
    },
    "primeng/slider": {
      "src": "../../../../../../node_modules/primeng/fesm2022/primeng-slider.mjs",
      "file": "primeng_slider.js",
      "fileHash": "dbb5ffa2",
      "needsInterop": false
    },
    "primeng/table": {
      "src": "../../../../../../node_modules/primeng/fesm2022/primeng-table.mjs",
      "file": "primeng_table.js",
      "fileHash": "ea8179a9",
      "needsInterop": false
    },
    "primeng/tooltip": {
      "src": "../../../../../../node_modules/primeng/fesm2022/primeng-tooltip.mjs",
      "file": "primeng_tooltip.js",
      "fileHash": "600699fb",
      "needsInterop": false
    },
    "rxjs": {
      "src": "../../../../../../node_modules/rxjs/dist/esm5/index.js",
      "file": "rxjs.js",
      "fileHash": "a39412ee",
      "needsInterop": false
    },
    "tslib": {
      "src": "../../../../../../node_modules/tslib/tslib.es6.mjs",
      "file": "tslib.js",
      "fileHash": "24c093e1",
      "needsInterop": false
    }
  },
  "chunks": {
    "chunk-LC5XDQTM": {
      "file": "chunk-LC5XDQTM.js"
    },
    "chunk-P2FUV227": {
      "file": "chunk-P2FUV227.js"
    },
    "chunk-JF5HC76H": {
      "file": "chunk-JF5HC76H.js"
    },
    "chunk-TA6TPLPA": {
      "file": "chunk-TA6TPLPA.js"
    },
    "chunk-7DVGYMNM": {
      "file": "chunk-7DVGYMNM.js"
    },
    "chunk-B57JAWY2": {
      "file": "chunk-B57JAWY2.js"
    },
    "chunk-QZ6JUBED": {
      "file": "chunk-QZ6JUBED.js"
    },
    "chunk-MJH6ITNF": {
      "file": "chunk-MJH6ITNF.js"
    },
    "chunk-UJNTBRPB": {
      "file": "chunk-UJNTBRPB.js"
    },
    "chunk-U4ZLNLNO": {
      "file": "chunk-U4ZLNLNO.js"
    },
    "chunk-5G7WYC4N": {
      "file": "chunk-5G7WYC4N.js"
    },
    "chunk-XG4B5I4C": {
      "file": "chunk-XG4B5I4C.js"
    },
    "chunk-JZ3WKL2W": {
      "file": "chunk-JZ3WKL2W.js"
    },
    "chunk-X2NH565A": {
      "file": "chunk-X2NH565A.js"
    },
    "chunk-ISFB4IMA": {
      "file": "chunk-ISFB4IMA.js"
    },
    "chunk-EWWWCK3K": {
      "file": "chunk-EWWWCK3K.js"
    },
    "chunk-SLNZWNP7": {
      "file": "chunk-SLNZWNP7.js"
    },
    "chunk-6V6AJXMN": {
      "file": "chunk-6V6AJXMN.js"
    },
    "chunk-FTGBLY5I": {
      "file": "chunk-FTGBLY5I.js"
    },
    "chunk-5TZJ3735": {
      "file": "chunk-5TZJ3735.js"
    },
    "chunk-QIY2MKEB": {
      "file": "chunk-QIY2MKEB.js"
    },
    "chunk-OZIU6ILR": {
      "file": "chunk-OZIU6ILR.js"
    },
    "chunk-6CHVVP4N": {
      "file": "chunk-6CHVVP4N.js"
    },
    "chunk-EPAV4CNQ": {
      "file": "chunk-EPAV4CNQ.js"
    }
  }
}