{
  "hash": "c1f3ee08",
  "configHash": "3aab69bb",
  "lockfileHash": "bae26656",
  "browserHash": "0d35071c",
  "optimized": {
    "@angular/common": {
      "src": "../../../../../../node_modules/@angular/common/fesm2022/common.mjs",
      "file": "@angular_common.js",
      "fileHash": "791ecb14",
      "needsInterop": false
    },
    "@angular/common/http": {
      "src": "../../../../../../node_modules/@angular/common/fesm2022/http.mjs",
      "file": "@angular_common_http.js",
      "fileHash": "96bd7264",
      "needsInterop": false
    },
    "@angular/core": {
      "src": "../../../../../../node_modules/@angular/core/fesm2022/core.mjs",
      "file": "@angular_core.js",
      "fileHash": "1df7d3a6",
      "needsInterop": false
    },
    "@angular/forms": {
      "src": "../../../../../../node_modules/@angular/forms/fesm2022/forms.mjs",
      "file": "@angular_forms.js",
      "fileHash": "e0248fff",
      "needsInterop": false
    },
    "@angular/platform-browser": {
      "src": "../../../../../../node_modules/@angular/platform-browser/fesm2022/platform-browser.mjs",
      "file": "@angular_platform-browser.js",
      "fileHash": "5f08aa99",
      "needsInterop": false
    },
    "@angular/platform-browser/animations": {
      "src": "../../../../../../node_modules/@angular/platform-browser/fesm2022/animations.mjs",
      "file": "@angular_platform-browser_animations.js",
      "fileHash": "10227283",
      "needsInterop": false
    },
    "@angular/router": {
      "src": "../../../../../../node_modules/@angular/router/fesm2022/router.mjs",
      "file": "@angular_router.js",
      "fileHash": "905d9879",
      "needsInterop": false
    },
    "ngx-toastr": {
      "src": "../../../../../../node_modules/ngx-toastr/fesm2022/ngx-toastr.mjs",
      "file": "ngx-toastr.js",
      "fileHash": "f4cf3ef5",
      "needsInterop": false
    },
    "primeng/api": {
      "src": "../../../../../../node_modules/primeng/fesm2022/primeng-api.mjs",
      "file": "primeng_api.js",
      "fileHash": "ee039aec",
      "needsInterop": false
    },
    "primeng/button": {
      "src": "../../../../../../node_modules/primeng/fesm2022/primeng-button.mjs",
      "file": "primeng_button.js",
      "fileHash": "7b3f591f",
      "needsInterop": false
    },
    "primeng/dropdown": {
      "src": "../../../../../../node_modules/primeng/fesm2022/primeng-dropdown.mjs",
      "file": "primeng_dropdown.js",
      "fileHash": "352dffd3",
      "needsInterop": false
    },
    "primeng/inputtext": {
      "src": "../../../../../../node_modules/primeng/fesm2022/primeng-inputtext.mjs",
      "file": "primeng_inputtext.js",
      "fileHash": "14aa79e1",
      "needsInterop": false
    },
    "primeng/overlay": {
      "src": "../../../../../../node_modules/primeng/fesm2022/primeng-overlay.mjs",
      "file": "primeng_overlay.js",
      "fileHash": "de138bf0",
      "needsInterop": false
    },
    "primeng/ripple": {
      "src": "../../../../../../node_modules/primeng/fesm2022/primeng-ripple.mjs",
      "file": "primeng_ripple.js",
      "fileHash": "907fdac2",
      "needsInterop": false
    },
    "primeng/scroller": {
      "src": "../../../../../../node_modules/primeng/fesm2022/primeng-scroller.mjs",
      "file": "primeng_scroller.js",
      "fileHash": "581fe66a",
      "needsInterop": false
    },
    "primeng/slider": {
      "src": "../../../../../../node_modules/primeng/fesm2022/primeng-slider.mjs",
      "file": "primeng_slider.js",
      "fileHash": "5fea8c65",
      "needsInterop": false
    },
    "primeng/table": {
      "src": "../../../../../../node_modules/primeng/fesm2022/primeng-table.mjs",
      "file": "primeng_table.js",
      "fileHash": "c5779b61",
      "needsInterop": false
    },
    "primeng/tooltip": {
      "src": "../../../../../../node_modules/primeng/fesm2022/primeng-tooltip.mjs",
      "file": "primeng_tooltip.js",
      "fileHash": "9c2bb16b",
      "needsInterop": false
    }
  },
  "chunks": {
    "chunk-WJMPOOJJ": {
      "file": "chunk-WJMPOOJJ.js"
    },
    "chunk-OPKLQZYQ": {
      "file": "chunk-OPKLQZYQ.js"
    },
    "chunk-DX37KL3W": {
      "file": "chunk-DX37KL3W.js"
    },
    "chunk-IQDJ75RT": {
      "file": "chunk-IQDJ75RT.js"
    },
    "chunk-FL56IUOA": {
      "file": "chunk-FL56IUOA.js"
    },
    "chunk-ABIHU2SC": {
      "file": "chunk-ABIHU2SC.js"
    },
    "chunk-RZH34YST": {
      "file": "chunk-RZH34YST.js"
    },
    "chunk-EPEYEOE6": {
      "file": "chunk-EPEYEOE6.js"
    },
    "chunk-X2NH565A": {
      "file": "chunk-X2NH565A.js"
    },
    "chunk-NIIX6HBO": {
      "file": "chunk-NIIX6HBO.js"
    },
    "chunk-U4VJFF2G": {
      "file": "chunk-U4VJFF2G.js"
    },
    "chunk-HVF36QVL": {
      "file": "chunk-HVF36QVL.js"
    },
    "chunk-ZAT3B3BF": {
      "file": "chunk-ZAT3B3BF.js"
    },
    "chunk-KC5HKTDF": {
      "file": "chunk-KC5HKTDF.js"
    },
    "chunk-AOAGLT3O": {
      "file": "chunk-AOAGLT3O.js"
    },
    "chunk-J4PKPVBE": {
      "file": "chunk-J4PKPVBE.js"
    },
    "chunk-5G7WYC4N": {
      "file": "chunk-5G7WYC4N.js"
    },
    "chunk-I4ACSFE7": {
      "file": "chunk-I4ACSFE7.js"
    },
    "chunk-2SS2G34F": {
      "file": "chunk-2SS2G34F.js"
    },
    "chunk-55WSUAAI": {
      "file": "chunk-55WSUAAI.js"
    },
    "chunk-SOL5XZJW": {
      "file": "chunk-SOL5XZJW.js"
    },
    "chunk-LKBYGJ3F": {
      "file": "chunk-LKBYGJ3F.js"
    }
  }
}